guest_id,first_name,last_name,email,phone,state
1,Sullivan,Lomas,slomas0@mediafire.com,(702) 7768761,NV
2,Olympie,Gecks,ogecks1@dagondesign.com,(202) 2528316,DC
3,Tremain,Carncross,tcarncross2@japanpost.jp,(313) 2245034,MI
4,Leonidas,Gueny,lgueny3@example.com,(412) 6493981,PA
5,Berta,Seppey,bseppey4@yahoo.com,(202) 2668098,DC
6,Kenn,Curson,kcurson5@youku.com,(941) 9618942,FL
7,Gilli,Fritz,gfritz6@ustream.tv,(585) 3812166,NY
8,Natal,Dodimead,ndodimead7@yellowbook.com,(713) 6088180,TX
9,Justen,Hulson,jhulson8@auda.org.au,(202) 4440620,DC
10,Isabel,Ganter,iganter9@privacy.gov.au,(915) 5895326,TX